chromosome,start,end,segVal,sample
1,23881465,34114989,2.35275522722839,Synthetic_Patient1
1,29126411,40959415,1.04326530251739,Synthetic_Patient1
1,34114989,54550171,2.5624558189155,Synthetic_Patient1
1,36161409,73804209,2.55224825798257,Synthetic_Patient1
3,930198,28377312,2.28526193730479,Synthetic_Patient1
3,33994569,39493048,2.28526193730479,Synthetic_Patient1
3,39487341,45227209,1.73944003812551,Synthetic_Patient1
4,930198,40956367,2.41186185381967,Synthetic_Patient1
4,112263535,154430085,3.04651645789794,Synthetic_Patient1
5,29126411,40959415,2.55224825798257,Synthetic_Patient1
5,62502633,70821500,1.73944003812551,Synthetic_Patient1
5,89934475,95213281,1.46770643929077,Synthetic_Patient1
5,112263535,144689308,3.8291611634801,Synthetic_Patient1
5,113054665,144146157,2.86866618946436,Synthetic_Patient1
6,33998775,42051978,1.04124488365585,Synthetic_Patient1
6,81008575,89932355,1.03613695344942,Synthetic_Patient1
6,154427175,154430085,0.851824360342982,Synthetic_Patient1
7,88027350,92014202,1.01961672602218,Synthetic_Patient1
7,89934475,154427175,1.56009765330438,Synthetic_Patient1
7,92017586,109610616,1.01961672602218,Synthetic_Patient1
13,80999819,84667840,3.17663000065947,Synthetic_Patient1
13,84667840,89932355,1.15669023522621,Synthetic_Patient1
13,92676343,114364328,2.86866618946436,Synthetic_Patient1
13,109619453,114364328,3.04651645789794,Synthetic_Patient1
X,2579724,54550171,2.60492346590646,Synthetic_Patient1
X,92676343,112263535,3.04651645789794,Synthetic_Patient1
1,930198,36154423,2.28526193730479,Synthetic_Patient10
1,21185509,73804209,2.41186185381967,Synthetic_Patient10
1,36154423,40959415,1.03613695344942,Synthetic_Patient10
1,39487341,39493048,1.46770643929077,Synthetic_Patient10
1,54333990,180991554,2.28526193730479,Synthetic_Patient10
1,54333990,92674023,2.28526193730479,Synthetic_Patient10
1,54563285,92014202,1.15669023522621,Synthetic_Patient10
3,2856466,39487341,2.5624558189155,Synthetic_Patient10
3,23881465,39493048,1.01961672602218,Synthetic_Patient10
3,33998775,42051978,2.41186185381967,Synthetic_Patient10
3,36161409,39487341,2.35275522722839,Synthetic_Patient10
3,54333990,92014202,2.5624558189155,Synthetic_Patient10
5,54563285,92014202,2.23629228716268,Synthetic_Patient10
5,88027350,92674023,1.56009765330438,Synthetic_Patient10
5,95216851,159334984,3.17663000065947,Synthetic_Patient10
6,57042204,70821500,2.9225483180617,Synthetic_Patient10
7,57042204,88027350,2.86866618946436,Synthetic_Patient10
7,62502633,70821500,1.46770643929077,Synthetic_Patient10
7,89934475,144682401,2.86866618946436,Synthetic_Patient10
7,144146157,154427175,2.90713077290842,Synthetic_Patient10
7,144682401,144689308,1.03269928314502,Synthetic_Patient10
13,60445159,92674023,1.56009765330438,Synthetic_Patient10
13,109610616,109619453,0.851824360342982,Synthetic_Patient10
13,109619453,113054665,3.04651645789794,Synthetic_Patient10
21,2579724,29126411,3.3492234555198,Synthetic_Patient10
X,2579724,36154423,2.41186185381967,Synthetic_Patient10
X,92676343,156040895,1.73944003812551,Synthetic_Patient10
1,930198,33994569,0.851824360342982,Synthetic_Patient2
1,36154423,40959415,2.41186185381967,Synthetic_Patient2
1,36161409,73804209,2.23629228716268,Synthetic_Patient2
3,28377312,42052529,2.28526193730479,Synthetic_Patient2
3,33994569,33998775,1.04326530251739,Synthetic_Patient2
5,70821500,80999819,3.17663000065947,Synthetic_Patient2
5,70821500,89932355,3.17663000065947,Synthetic_Patient2
5,88027350,89932355,0.851824360342982,Synthetic_Patient2
5,92017586,95213281,3.8291611634801,Synthetic_Patient2
5,95213281,144689308,2.86866618946436,Synthetic_Patient2
5,95213281,96024675,2.86866618946436,Synthetic_Patient2
5,96024675,113054665,2.86866618946436,Synthetic_Patient2
5,109610616,144689308,2.90713077290842,Synthetic_Patient2
5,109610616,154430085,2.90713077290842,Synthetic_Patient2
5,112263535,144689308,3.17663000065947,Synthetic_Patient2
6,40956367,40959415,2.60492346590646,Synthetic_Patient2
6,57042204,81008575,2.95735461577801,Synthetic_Patient2
7,80999819,88027350,3.17663000065947,Synthetic_Patient2
7,92017586,113054665,1.46770643929077,Synthetic_Patient2
7,96024675,159345973,3.8291611634801,Synthetic_Patient2
13,14568,33994569,0.851824360342982,Synthetic_Patient2
13,13249996,42051978,2.29510479603484,Synthetic_Patient2
13,92676343,95213281,1.46770643929077,Synthetic_Patient2
13,92676343,114364328,3.8291611634801,Synthetic_Patient2
21,14568,29126411,1.46770643929077,Synthetic_Patient2
X,92676343,113054665,3.8291611634801,Synthetic_Patient2
1,36154423,42052529,1.03613695344942,Synthetic_Patient3
1,36161409,49590440,2.41186185381967,Synthetic_Patient3
1,36161409,40956367,2.35275522722839,Synthetic_Patient3
1,54333990,180991554,1.03269928314502,Synthetic_Patient3
1,54333990,180991554,2.55224825798257,Synthetic_Patient3
3,2856466,28377312,1.04326530251739,Synthetic_Patient3
3,21185509,73804209,1.03613695344942,Synthetic_Patient3
3,29126411,34114989,2.5624558189155,Synthetic_Patient3
5,33994569,39493048,2.23629228716268,Synthetic_Patient3
5,57042204,70821500,2.86866618946436,Synthetic_Patient3
5,89934475,154427175,3.04651645789794,Synthetic_Patient3
5,89934475,170739897,1.56009765330438,Synthetic_Patient3
5,92017586,113054665,3.8291611634801,Synthetic_Patient3
5,95216851,109610616,1.03269928314502,Synthetic_Patient3
5,95216851,144682401,1.03269928314502,Synthetic_Patient3
5,96024675,109610616,2.90713077290842,Synthetic_Patient3
5,96024675,154427175,0.851824360342982,Synthetic_Patient3
5,154427175,154430085,3.04651645789794,Synthetic_Patient3
6,88027350,92014202,2.95735461577801,Synthetic_Patient3
6,109610616,144146157,1.03613695344942,Synthetic_Patient3
7,89934475,112263535,1.73944003812551,Synthetic_Patient3
7,95216851,159345973,1.0226210207477,Synthetic_Patient3
7,96024675,159334984,1.46770643929077,Synthetic_Patient3
7,113054665,144146157,2.90713077290842,Synthetic_Patient3
13,13249996,29126411,2.60492346590646,Synthetic_Patient3
13,60445159,89932355,1.15669023522621,Synthetic_Patient3
13,109610616,112266967,1.03613695344942,Synthetic_Patient3
13,112266967,114364328,1.01961672602218,Synthetic_Patient3
17,60445159,83257441,1.03613695344942,Synthetic_Patient3
1,2856466,36154423,2.28526193730479,Synthetic_Patient4
1,23881465,33998775,2.60492346590646,Synthetic_Patient4
1,28377312,36161409,2.82670795192467,Synthetic_Patient4
1,32307917,42052529,3.3492234555198,Synthetic_Patient4
1,32307917,42052529,0.851824360342982,Synthetic_Patient4
1,36154423,45227209,1.56009765330438,Synthetic_Patient4
1,36161409,49590440,2.55224825798257,Synthetic_Patient4
1,39487341,42052529,2.60492346590646,Synthetic_Patient4
1,39493048,73804209,2.82670795192467,Synthetic_Patient4
1,45227209,49590440,1.73944003812551,Synthetic_Patient4
3,39493048,42051978,2.23629228716268,Synthetic_Patient4
5,92017586,113054665,1.73944003812551,Synthetic_Patient4
5,92017586,159334984,1.03269928314502,Synthetic_Patient4
5,92017586,144682401,2.90713077290842,Synthetic_Patient4
5,95216851,144682401,1.04124488365585,Synthetic_Patient4
5,96024675,113054665,2.90713077290842,Synthetic_Patient4
6,21185509,49590440,2.55224825798257,Synthetic_Patient4
6,57042204,81008575,1.15669023522621,Synthetic_Patient4
6,89934475,170739897,3.17663000065947,Synthetic_Patient4
6,144137812,144146157,2.9225483180617,Synthetic_Patient4
7,36161409,40956367,1.04124488365585,Synthetic_Patient4
7,62502633,88027350,3.97613134214632,Synthetic_Patient4
7,70821500,89932355,3.97613134214632,Synthetic_Patient4
7,144682401,154430085,1.46770643929077,Synthetic_Patient4
12,92676343,112263535,2.95735461577801,Synthetic_Patient4
12,112266967,133275309,2.90713077290842,Synthetic_Patient4
13,14568,54550171,2.41186185381967,Synthetic_Patient4
13,2579724,45223687,0.851824360342982,Synthetic_Patient4
13,13249996,54550171,1.04326530251739,Synthetic_Patient4
13,13249996,73804209,2.28526193730479,Synthetic_Patient4
1,2856466,36154423,3.3492234555198,Synthetic_Patient5
1,2856466,54550171,1.56009765330438,Synthetic_Patient5
1,33998775,40956367,1.56009765330438,Synthetic_Patient5
1,40959415,45223687,1.56009765330438,Synthetic_Patient5
1,42052529,73804209,1.15669023522621,Synthetic_Patient5
1,54563285,180991554,2.60492346590646,Synthetic_Patient5
3,23881465,42052529,2.28526193730479,Synthetic_Patient5
3,40956367,45227209,2.28526193730479,Synthetic_Patient5
4,144146157,154427175,1.73944003812551,Synthetic_Patient5
5,29126411,33998775,2.82670795192467,Synthetic_Patient5
5,54563285,92014202,1.73944003812551,Synthetic_Patient5
5,89934475,154427175,2.9225483180617,Synthetic_Patient5
5,95213281,144146157,1.46770643929077,Synthetic_Patient5
5,95213281,154430085,1.03613695344942,Synthetic_Patient5
5,95216851,109610616,3.17663000065947,Synthetic_Patient5
5,112263535,154430085,1.0226210207477,Synthetic_Patient5
5,154430085,159334984,2.86866618946436,Synthetic_Patient5
6,92017586,112263535,2.9225483180617,Synthetic_Patient5
7,57042204,88027350,2.90713077290842,Synthetic_Patient5
7,62502633,88027350,3.17663000065947,Synthetic_Patient5
7,88027350,89932355,2.95735461577801,Synthetic_Patient5
7,96024675,144682401,1.04124488365585,Synthetic_Patient5
7,96024675,113054665,2.90713077290842,Synthetic_Patient5
7,144146157,159345973,2.90713077290842,Synthetic_Patient5
12,14568,29126411,1.01961672602218,Synthetic_Patient5
13,14568,73804209,3.3492234555198,Synthetic_Patient5
13,2579724,73804209,1.03269928314502,Synthetic_Patient5
21,14568,45223687,1.04326530251739,Synthetic_Patient5
X,13249996,28377312,2.35275522722839,Synthetic_Patient5
X,60445159,156040895,2.23629228716268,Synthetic_Patient5
1,2856466,23881465,2.29510479603484,Synthetic_Patient6
1,34114989,54550171,1.56009765330438,Synthetic_Patient6
1,54333990,92674023,2.41186185381967,Synthetic_Patient6
3,28377312,34114989,2.28526193730479,Synthetic_Patient6
3,40956367,40959415,2.55224825798257,Synthetic_Patient6
3,42052529,54550171,1.46770643929077,Synthetic_Patient6
3,42052529,45223687,1.01961672602218,Synthetic_Patient6
3,42052529,73804209,2.23629228716268,Synthetic_Patient6
3,54333990,80999819,2.35275522722839,Synthetic_Patient6
4,54333990,80999819,2.60492346590646,Synthetic_Patient6
5,28377312,39493048,2.29510479603484,Synthetic_Patient6
5,88027350,89932355,2.95735461577801,Synthetic_Patient6
5,89934475,95213281,2.86866618946436,Synthetic_Patient6
5,89934475,180930584,1.04124488365585,Synthetic_Patient6
5,92017586,170739897,2.86866618946436,Synthetic_Patient6
5,92017586,112263535,1.73944003812551,Synthetic_Patient6
5,92017586,159334984,1.73944003812551,Synthetic_Patient6
5,95213281,154430085,3.04651645789794,Synthetic_Patient6
6,96024675,144137812,2.9225483180617,Synthetic_Patient6
6,96024675,144682401,3.8291611634801,Synthetic_Patient6
7,70821500,92674023,1.04326530251739,Synthetic_Patient6
7,144689308,154427175,1.01961672602218,Synthetic_Patient6
12,14568,49590440,1.04326530251739,Synthetic_Patient6
12,112263535,112266967,1.03613695344942,Synthetic_Patient6
13,2579724,29126411,2.28526193730479,Synthetic_Patient6
13,92676343,95213281,2.90713077290842,Synthetic_Patient6
X,14568,39487341,2.60492346590646,Synthetic_Patient6
X,13249996,49590440,1.0226210207477,Synthetic_Patient6
X,92676343,154427175,1.15669023522621,Synthetic_Patient6
1,930198,32307917,1.46770643929077,Synthetic_Patient7
1,2856466,45223687,2.5624558189155,Synthetic_Patient7
1,21185509,28377312,2.35275522722839,Synthetic_Patient7
1,21185509,45223687,2.5624558189155,Synthetic_Patient7
1,28377312,36161409,2.41186185381967,Synthetic_Patient7
1,33994569,40959415,3.3492234555198,Synthetic_Patient7
1,34114989,49590440,2.82670795192467,Synthetic_Patient7
1,39487341,39493048,2.55224825798257,Synthetic_Patient7
3,33998775,39487341,2.35275522722839,Synthetic_Patient7
3,40959415,73804209,2.28526193730479,Synthetic_Patient7
4,89934475,95213281,2.9225483180617,Synthetic_Patient7
5,88027350,180991554,3.97613134214632,Synthetic_Patient7
5,89934475,113054665,1.46770643929077,Synthetic_Patient7
5,95213281,95216851,2.9225483180617,Synthetic_Patient7
6,92017586,113054665,3.04651645789794,Synthetic_Patient7
6,96024675,159334984,1.56009765330438,Synthetic_Patient7
7,33998775,45223687,2.60492346590646,Synthetic_Patient7
7,81008575,92674023,2.9225483180617,Synthetic_Patient7
7,89934475,159334984,2.9225483180617,Synthetic_Patient7
7,96024675,112263535,1.03613695344942,Synthetic_Patient7
7,96024675,113054665,1.01961672602218,Synthetic_Patient7
13,14568,29126411,1.04326530251739,Synthetic_Patient7
13,57042204,60445159,1.46770643929077,Synthetic_Patient7
13,84667840,92674023,0.851824360342982,Synthetic_Patient7
13,84667840,92014202,1.04124488365585,Synthetic_Patient7
17,60445159,80999819,1.04326530251739,Synthetic_Patient7
X,13249996,28377312,2.60492346590646,Synthetic_Patient7
1,930198,54550171,1.01961672602218,Synthetic_Patient8
1,21185509,42051978,2.23629228716268,Synthetic_Patient8
1,28377312,33998775,3.3492234555198,Synthetic_Patient8
1,33994569,39493048,2.28526193730479,Synthetic_Patient8
1,54563285,89932355,1.04326530251739,Synthetic_Patient8
3,23881465,42052529,2.55224825798257,Synthetic_Patient8
3,39493048,42051978,1.03269928314502,Synthetic_Patient8
3,45227209,49590440,1.04124488365585,Synthetic_Patient8
4,92017586,144137812,1.04124488365585,Synthetic_Patient8
4,109610616,144689308,1.03613695344942,Synthetic_Patient8
5,40959415,54550171,2.55224825798257,Synthetic_Patient8
5,95213281,144689308,3.04651645789794,Synthetic_Patient8
5,95216851,154427175,2.95735461577801,Synthetic_Patient8
5,109610616,144689308,2.86866618946436,Synthetic_Patient8
5,113054665,154430085,3.17663000065947,Synthetic_Patient8
6,57042204,81008575,3.17663000065947,Synthetic_Patient8
6,109610616,144146157,2.95735461577801,Synthetic_Patient8
7,36161409,39487341,2.28526193730479,Synthetic_Patient8
7,54333990,159345973,2.5624558189155,Synthetic_Patient8
7,80999819,81008575,2.86866618946436,Synthetic_Patient8
7,92017586,112263535,1.0226210207477,Synthetic_Patient8
7,95213281,144146157,2.95735461577801,Synthetic_Patient8
7,96024675,109610616,2.86866618946436,Synthetic_Patient8
7,144682401,154430085,3.17663000065947,Synthetic_Patient8
13,13249996,54550171,1.73944003812551,Synthetic_Patient8
13,84667840,114364328,2.9225483180617,Synthetic_Patient8
13,84667840,89932355,3.97613134214632,Synthetic_Patient8
13,92676343,113054665,2.95735461577801,Synthetic_Patient8
13,109610616,109619453,1.03613695344942,Synthetic_Patient8
17,2579724,32307917,1.46770643929077,Synthetic_Patient8
1,2856466,23881465,2.35275522722839,Synthetic_Patient9
1,28377312,39493048,0.851824360342982,Synthetic_Patient9
1,28377312,45227209,2.41186185381967,Synthetic_Patient9
1,28377312,42052529,3.3492234555198,Synthetic_Patient9
1,28377312,39493048,2.60492346590646,Synthetic_Patient9
1,29126411,42052529,1.46770643929077,Synthetic_Patient9
1,40956367,40959415,2.28526193730479,Synthetic_Patient9
1,54563285,62502633,1.03269928314502,Synthetic_Patient9
3,930198,73804209,2.35275522722839,Synthetic_Patient9
3,29126411,36161409,2.23629228716268,Synthetic_Patient9
3,36161409,40956367,1.04124488365585,Synthetic_Patient9
3,45227209,54550171,1.56009765330438,Synthetic_Patient9
4,144689308,159334984,1.56009765330438,Synthetic_Patient9
5,2856466,32307917,1.03613695344942,Synthetic_Patient9
5,70821500,92674023,1.01961672602218,Synthetic_Patient9
5,95216851,144682401,2.90713077290842,Synthetic_Patient9
5,144689308,170739897,2.95735461577801,Synthetic_Patient9
6,95216851,112263535,1.01961672602218,Synthetic_Patient9
7,57042204,81008575,3.97613134214632,Synthetic_Patient9
7,89934475,113054665,1.04124488365585,Synthetic_Patient9
13,14568,29126411,1.03269928314502,Synthetic_Patient9
13,2579724,73804209,1.04124488365585,Synthetic_Patient9
13,13249996,42051978,1.01961672602218,Synthetic_Patient9
13,84667840,89932355,3.97613134214632,Synthetic_Patient9
13,112266967,114364328,1.01961672602218,Synthetic_Patient9
X,2579724,45223687,2.41186185381967,Synthetic_Patient9
X,60445159,92014202,2.41186185381967,Synthetic_Patient9
X,84667840,92674023,1.04124488365585,Synthetic_Patient9
